,features,importances
0,AAAAAA,0.0031534875581878032
1,AAAAAC,0.00013317261655801296
2,AAAAAG,0.000208990477215295
3,AAAAAT,0.0006674257540280899
4,AAAACA,9.579417080907763e-05
5,AAAACC,0.00020293555760566754
6,AAAACG,0.0006084707000598684
7,AAAACT,0.0006243223125797475
8,AAAAGA,0.00014284434711532015
9,AAAAGC,0.0005403114542713445
10,AAAAGG,0.00011279160227861885
11,AAAAGT,0.0001532260265066859
12,AAAATA,0.00012943022941521075
13,AAAATC,0.0004981247527793635
14,AAAATG,0.00020144810271671292
15,AAAATT,0.000994857651989628
16,AAACAA,0.00040238585299878023
17,AAACAC,4.660741489175405e-05
18,AAACAG,0.00024318036141250774
19,AAACAT,4.9704630099727607e-05
20,AAACCA,0.00016591250938832326
21,AAACCC,0.0013555805385727826
22,AAACCG,0.00021537715551734214
23,AAACCT,5.4033343466378984e-05
24,AAACGA,0.0009743872677662295
25,AAACGC,0.00016698668366957578
26,AAACGG,0.00024313485789060404
27,AAACGT,0.004718262359755107
28,AAACTA,8.313394907860259e-05
29,AAACTC,0.00021189076206423193
30,AAACTG,9.78303837503302e-05
31,AAACTT,0.0004777091216757119
32,AAAGAA,0.00015127463765010434
33,AAAGAC,6.063940162856344e-05
34,AAAGAG,0.00022866583197437497
35,AAAGAT,8.157347838814815e-05
36,AAAGCA,0.0007792733828033444
37,AAAGCC,0.0001127801566148632
38,AAAGCG,0.00041451822143435073
39,AAAGCT,0.0018057071180909055
40,AAAGGA,0.00011380085489088152
41,AAAGGC,1.5389184702923174e-05
42,AAAGGG,6.87098073944995e-05
43,AAAGGT,0.00039447824151704966
44,AAAGTA,0.00016487104922215557
45,AAAGTC,9.296982102078637e-05
46,AAAGTG,0.00018131370244782878
47,AAAGTT,0.00027217183916736736
48,AAATAA,0.0011104539875249945
49,AAATAC,0.00018062195454872956
50,AAATAG,2.8953042639817484e-05
51,AAATAT,0.00020770121420098515
52,AAATCA,0.0015968935900251267
53,AAATCC,0.00010696491640457085
54,AAATCG,0.00022971699542720148
55,AAATCT,8.345685302913857e-05
56,AAATGA,0.00011115167638747623
57,AAATGC,0.0003125284336363717
58,AAATGG,6.982164790239017e-05
59,AAATGT,0.00011570680079370753
60,AAATTA,0.000929818007360948
61,AAATTC,0.00019843417825750364
62,AAATTG,0.0005347118160533702
63,AAATTT,0.04996360866441748
64,AACAAA,0.00031393128234794324
65,AACAAC,0.00014460659052348908
66,AACAAG,0.00014447846939739947
67,AACAAT,0.00014404049228536315
68,AACACA,8.878160701211294e-05
69,AACACC,5.7399846357633714e-05
70,AACACG,9.915256710223822e-05
71,AACACT,5.4134314372569616e-05
72,AACAGA,0.00011634932470009733
73,AACAGC,5.269519496359963e-05
74,AACAGG,0.00011166299582636355
75,AACAGT,0.00013785296280792488
76,AACATA,9.701444866146412e-05
77,AACATC,0.00030560302157125015
78,AACATG,0.00010552541319304139
79,AACATT,0.00033558382897740867
80,AACCAA,0.0014006241811176606
81,AACCAC,0.000219396540117811
82,AACCAG,0.00016240250837933542
83,AACCAT,6.0941469163371345e-05
84,AACCCA,7.75975420376042e-05
85,AACCCC,6.913210670319499e-05
86,AACCCG,9.716128988158251e-05
87,AACCCT,3.579944190788131e-05
88,AACCGA,0.00021358696906291743
89,AACCGC,9.852590909213505e-05
90,AACCGG,9.435813141183635e-05
91,AACCGT,6.237772322618859e-05
92,AACCTA,7.842484293074539e-05
93,AACCTC,7.197718906380275e-05
94,AACCTG,0.00010652318242664388
95,AACCTT,0.0001773867695939231
96,AACGAA,0.0018452238622927847
97,AACGAC,0.0002650232066643157
98,AACGAG,7.378778862107422e-05
99,AACGAT,0.002858489625213926
100,AACGCA,8.47783275172262e-05
101,AACGCC,9.388122919940302e-05
102,AACGCG,2.4440785566702695e-05
103,AACGCT,6.58624853366826e-05
104,AACGGA,0.00016896565658024968
105,AACGGC,0.00018150221862811122
106,AACGGG,1.9095839791502498e-05
107,AACGGT,3.757822630710012e-05
108,AACGTA,0.0023033036483843554
109,AACGTC,0.0010748244306487793
110,AACGTG,4.775434884077216e-05
111,AACGTT,0.000639376863374039
112,AACTAA,6.14476086854623e-05
113,AACTAC,1.264875527634431e-05
114,AACTAG,0.00011105995704519957
115,AACTAT,0.00013571764246262752
116,AACTCA,0.0003564055682740063
117,AACTCC,0.00011711211824550212
118,AACTCG,9.127373103850223e-05
119,AACTCT,0.00013603519759019034
120,AACTGA,0.0022384661617502835
121,AACTGC,9.271762013748765e-05
122,AACTGG,0.0004166267131337399
123,AACTGT,6.546248069721485e-05
124,AACTTA,0.0002647416653684505
125,AACTTC,6.683041143193553e-05
126,AACTTG,0.00017106828512603056
127,AAGAAA,0.000164217297658329
128,AAGAAC,6.677953151083009e-05
129,AAGAAG,0.00013890763953545196
130,AAGAAT,0.00022730294004965918
131,AAGACA,7.473376179589459e-05
132,AAGACC,2.7849716770750433e-05
133,AAGACG,1.161102927974162e-05
134,AAGACT,8.132627542224064e-05
135,AAGAGA,8.148610910957385e-05
136,AAGAGC,0.00025063993259340364
137,AAGAGG,0.00012596801548747728
138,AAGAGT,0.0002748452887316784
139,AAGATA,8.637118878314262e-05
140,AAGATC,9.646000871820245e-05
141,AAGATG,0.000145664128775222
142,AAGATT,9.781177905065957e-05
143,AAGCAA,0.0001878744720784206
144,AAGCAC,0.00021829432882509314
145,AAGCAG,0.0002388927498350844
146,AAGCAT,0.0003663172820625283
147,AAGCCA,0.00010973572978176585
148,AAGCCC,0.0001589257430689424
149,AAGCCG,5.0877276230581304e-05
150,AAGCCT,0.00031060114894504215
151,AAGCGA,8.982707012359597e-05
152,AAGCGC,3.0330525167148507e-05
153,AAGCGG,0.000104058027655365
154,AAGCGT,4.4737390998585657e-05
155,AAGCTA,0.00023810170403315014
156,AAGCTC,0.0028077332017288573
157,AAGCTG,0.00063305327613459
158,AAGCTT,0.002257333690670567
159,AAGGAA,0.00030621180638581503
160,AAGGAC,9.623228592066824e-05
161,AAGGAG,0.0002349391408354857
162,AAGGAT,0.00016251543800749446
163,AAGGCA,0.00012032030229865648
164,AAGGCC,4.0147655694210604e-05
165,AAGGCG,0.00011851951006183574
166,AAGGCT,0.00013516168290144247
167,AAGGGA,7.97898316370517e-05
168,AAGGGC,2.3676693540317446e-05
169,AAGGGG,3.9229094502554335e-05
170,AAGGGT,5.7354189703102775e-05
171,AAGGTA,6.197503377993136e-05
172,AAGGTC,0.00010415727777590436
173,AAGGTG,0.0001636895733080218
174,AAGTAA,0.00027424383308590985
175,AAGTAC,0.0001033298700055028
176,AAGTAG,8.150649774810027e-05
177,AAGTAT,5.8709393301002365e-05
178,AAGTCA,0.0003066019806452294
179,AAGTCC,6.187507823120924e-05
180,AAGTCG,0.00011063447350556348
181,AAGTCT,0.0001904423375393648
182,AAGTGA,0.0003507271543338715
183,AAGTGC,7.221812297834525e-05
184,AAGTGG,7.255611975349408e-05
185,AAGTGT,3.88484002142024e-05
186,AAGTTA,0.0004679269171161766
187,AAGTTC,0.00012042849305845395
188,AAGTTG,0.00018569191368948606
189,AATAAA,0.000609061989358242
190,AATAAC,0.0001056708461554428
191,AATAAG,0.00015612009627806087
192,AATAAT,7.084782059600942e-05
193,AATACA,0.0004648264883842608
194,AATACC,0.00014571702714777284
195,AATACG,7.091065199742585e-05
196,AATACT,6.15973330691853e-05
197,AATAGA,5.7412339919693425e-05
198,AATAGC,0.0008172062630362697
199,AATAGG,2.505187855056846e-05
200,AATAGT,5.91613654344394e-05
201,AATATA,0.0007325973631593678
202,AATATC,0.00013921796437062184
203,AATATG,8.462864942108095e-05
204,AATATT,6.752070801129153e-05
205,AATCAA,0.009701479811487989
206,AATCAC,0.00010362577484195993
207,AATCAG,0.00015502937597634196
208,AATCAT,0.0006340072958302737
209,AATCCA,7.493802318744984e-05
210,AATCCC,0.00019126584362581727
211,AATCCG,0.00018139792417961914
212,AATCCT,7.091748922434448e-05
213,AATCGA,0.0001692681696809436
214,AATCGC,0.0001955301685452127
215,AATCGG,0.00021097025097464875
216,AATCGT,0.0008112898102163382
217,AATCTA,6.896910853529037e-05
218,AATCTC,0.00012520670217363938
219,AATCTG,0.0001471221902032217
220,AATGAA,0.00013964736260147382
221,AATGAC,0.00012209624246922347
222,AATGAG,0.00016653047218079126
223,AATGAT,0.000768723973934371
224,AATGCA,0.0010218216340648844
225,AATGCC,0.0003313093782538318
226,AATGCG,0.00011574164965663158
227,AATGCT,0.00018919047762564156
228,AATGGA,6.692846962723557e-05
229,AATGGC,0.00035855375604164667
230,AATGGG,0.00014118397973294754
231,AATGGT,0.00011079100351396003
232,AATGTA,0.00015561451160993017
233,AATGTC,0.00011521687636545678
234,AATGTG,0.00013546176457983664
235,AATTAA,0.011828370205031922
236,AATTAC,0.00037928300205621474
237,AATTAG,7.429982046578956e-05
238,AATTAT,0.0002063215499596335
239,AATTCA,7.389573777732217e-05
240,AATTCC,0.00024550351763473493
241,AATTCG,0.00016193345140262305
242,AATTCT,5.442388773340433e-05
243,AATTGA,0.0005713430701951534
244,AATTGC,0.0005126488026547743
245,AATTGG,0.00039740949182949937
246,AATTGT,0.00025387927432464095
247,AATTTA,0.013159561139540225
248,AATTTC,0.00016017289612840237
249,AATTTG,3.301946764434137e-05
250,ACAAAA,0.00012260381639493174
251,ACAAAC,9.07963677994475e-05
252,ACAAAG,6.304362448017043e-05
253,ACAAAT,0.00012371347329759658
254,ACAACA,5.430516696389765e-05
255,ACAACC,3.8452601680834534e-05
256,ACAACG,0.00028898156934866826
257,ACAACT,0.00012074768430937754
258,ACAAGA,0.00010077541279879983
259,ACAAGC,0.0001684891485855963
260,ACAAGG,3.4863173634466005e-05
261,ACAAGT,0.00015913692731318275
262,ACAATA,8.905662511592568e-05
263,ACAATC,0.00018639107799858258
264,ACAATG,6.30160071289803e-05
265,ACACAA,6.166604946410305e-05
266,ACACAC,9.977504059699836e-05
267,ACACAG,5.7450852302486854e-05
268,ACACAT,0.0002694253227823904
269,ACACCA,7.76177343730411e-05
270,ACACCC,7.593801471916579e-05
271,ACACCG,9.42005781920038e-05
272,ACACCT,0.00015501764679753946
273,ACACGA,4.951782839061272e-05
274,ACACGC,2.2955098949373925e-05
275,ACACGG,6.450175142189935e-05
276,ACACGT,0.00033956307822940665
277,ACACTA,4.337742494734549e-05
278,ACACTC,4.21778369719744e-05
279,ACACTG,7.145579149492476e-05
280,ACAGAA,7.214946870351808e-05
281,ACAGAC,1.0909228787413844e-05
282,ACAGAG,1.5264711870236446e-05
283,ACAGAT,4.8980498812491985e-05
284,ACAGCA,8.813911237571596e-05
285,ACAGCC,8.211479482534982e-05
286,ACAGCG,4.288473638830566e-05
287,ACAGCT,4.367958347185116e-05
288,ACAGGA,0.00015332276347483257
289,ACAGGC,8.991822509536374e-05
290,ACAGGG,5.321972140378295e-06
291,ACAGGT,7.924141452483168e-05
292,ACAGTA,5.8589946170301096e-05
293,ACAGTC,3.0757862914402595e-05
294,ACAGTG,0.00015348124184938865
295,ACATAA,0.00012122014003830105
296,ACATAC,0.00013074907058650595
297,ACATAG,2.6061755157412422e-05
298,ACATAT,0.00013457190843927438
299,ACATCA,0.00011998994683397981
300,ACATCC,5.721813744766124e-05
301,ACATCG,7.866525026726234e-05
302,ACATCT,2.320686221106771e-05
303,ACATGA,4.306208440624643e-05
304,ACATGC,0.00017581110139209763
305,ACATGG,0.00016135034941510088
306,ACATGT,9.229689888799085e-05
307,ACATTA,0.00010314715879138181
308,ACATTC,0.00021983262845897113
309,ACATTG,0.00028286538291252133
310,ACCAAA,0.00041328038336833054
311,ACCAAC,0.0011534704306719005
312,ACCAAG,0.0014571951571406123
313,ACCAAT,0.0012802226872982707
314,ACCACA,0.0002789045338851995
315,ACCACC,0.00027871109933684713
316,ACCACG,0.00012397608970085835
317,ACCACT,4.0872547153878863e-05
318,ACCAGA,6.183077991386992e-05
319,ACCAGC,4.958852467507652e-05
320,ACCAGG,0.0002094163224844137
321,ACCAGT,0.00014643247862775673
322,ACCATA,6.907766626580025e-06
323,ACCATC,9.177140051286831e-05
324,ACCATG,8.311754431598719e-05
325,ACCCAA,0.0002972839836236807
326,ACCCAC,8.226515004284364e-05
327,ACCCAG,0.00021543623807705677
328,ACCCAT,0.00027650282363480107
329,ACCCCA,0.00020044905137735564
330,ACCCCC,5.615998012775878e-05
331,ACCCCG,1.5980313983714076e-05
332,ACCCCT,1.938958190927734e-05
333,ACCCGA,6.470594921591962e-05
334,ACCCGC,8.097955067879217e-05
335,ACCCGG,0.00021200880093659062
336,ACCCGT,0.00013350904144357988
337,ACCCTA,4.648879409137493e-05
338,ACCCTC,7.069734445172004e-05
339,ACCCTG,8.371738594796112e-05
340,ACCGAA,9.243964796959542e-05
341,ACCGAC,1.455155989262462e-05
342,ACCGAG,6.561445478543594e-05
343,ACCGAT,0.00015109574212597633
344,ACCGCA,0.00015967950159270067
345,ACCGCC,0.00014150346090084973
346,ACCGCG,0.00018154601885302522
347,ACCGCT,0.00016085435143126106
348,ACCGGA,0.0001917979435739931
349,ACCGGC,0.00015697921442180577
350,ACCGGG,0.00023672647804621596
351,ACCGGT,4.569290076832946e-05
352,ACCGTA,4.39433416700401e-05
353,ACCGTC,7.492132747604123e-05
354,ACCGTG,5.585363707290956e-05
355,ACCTAA,0.00016231305207855062
356,ACCTAC,1.78900021333274e-05
357,ACCTAG,0.00010720865590755668
358,ACCTAT,6.64094698663791e-05
359,ACCTCA,0.00038229697663736214
360,ACCTCC,1.9482409865578333e-05
361,ACCTCG,2.7552960642866954e-05
362,ACCTCT,9.038111228910278e-05
363,ACCTGA,2.8671635871652594e-05
364,ACCTGC,3.477908582042365e-05
365,ACCTGG,0.00031608954560738564
366,ACCTTA,0.00014660877643148904
367,ACCTTC,0.00018710235546938282
368,ACCTTG,0.00010021157044448262
369,ACGAAA,0.0010832064801195465
370,ACGAAC,4.132380113305206e-05
371,ACGAAG,0.00024591015156751316
372,ACGAAT,0.0004216783747229323
373,ACGACA,0.0002928943942674582
374,ACGACC,6.354309799098658e-05
375,ACGACG,0.00017003956918586492
376,ACGACT,4.501496014588178e-05
377,ACGAGA,0.00013093000594112674
378,ACGAGC,8.700988377904893e-05
379,ACGAGG,0.00017426124360037706
380,ACGAGT,1.7897589420585173e-05
381,ACGATA,0.008392875079127166
382,ACGATC,9.975679239160868e-05
383,ACGATG,0.0002509096761516209
384,ACGCAA,2.724531784158173e-05
385,ACGCAC,0.00014083097285451162
386,ACGCAG,7.818835134200434e-06
387,ACGCAT,6.254759244297487e-05
388,ACGCCA,8.126191103094141e-05
389,ACGCCC,0.00012915015578413691
390,ACGCCG,0.0010549861906526735
391,ACGCCT,2.6865959538858252e-05
392,ACGCGA,0.00017107279164083105
393,ACGCGC,0.00012671049133987483
394,ACGCGG,6.17737195132967e-05
395,ACGCGT,1.4829500060310753e-05
396,ACGCTA,8.450682767234918e-05
397,ACGCTC,4.440692638974508e-05
398,ACGCTG,0.00016631906929820132
399,ACGGAA,8.378784575879797e-05
400,ACGGAC,1.791472502624647e-05
401,ACGGAG,2.4315943367026315e-05
402,ACGGAT,0.00010516424152804482
403,ACGGCA,0.00018996134498890246
404,ACGGCC,1.8793149764265545e-05
405,ACGGCG,0.00019279592884867313
406,ACGGCT,1.5193415647585579e-05
407,ACGGGA,2.0329578479754706e-06
408,ACGGGC,2.6766130585040706e-05
409,ACGGGG,2.0366731163177463e-05
410,ACGGTA,9.836190852474897e-05
411,ACGGTC,3.6249484501112256e-05
412,ACGGTG,2.866461958967951e-05
413,ACGTAA,0.00018525900995358
414,ACGTAC,0.00011463476627203676
415,ACGTAG,8.192711697623072e-05
416,ACGTAT,0.0004267947070054593
417,ACGTCA,0.0007608775764899232
418,ACGTCC,6.809228379422109e-05
419,ACGTCG,0.00017264892330935846
420,ACGTCT,9.038477808633399e-05
421,ACGTGA,0.0002628915241349336
422,ACGTGC,4.694114822666637e-05
423,ACGTGG,3.6915573782772815e-05
424,ACGTTA,0.0007056212858160148
425,ACGTTC,0.0003618904744780297
426,ACGTTG,0.0002617579591838784
427,ACTAAA,0.00010356069243562393
428,ACTAAC,0.00015098248534829267
429,ACTAAG,8.709975423526071e-05
430,ACTAAT,7.319711105926496e-05
431,ACTACA,9.533881121870903e-05
432,ACTACC,5.571298012214774e-05
433,ACTACG,8.246880407066576e-06
434,ACTACT,8.360085925661746e-05
435,ACTAGA,2.514543677685776e-05
436,ACTAGC,7.822499956561759e-05
437,ACTAGG,7.093211619114005e-05
438,ACTAGT,2.3719442937494796e-05
439,ACTATA,0.0001104165918798099
440,ACTATC,0.00020006303298816501
441,ACTATG,6.768786278156817e-05
442,ACTCAA,0.00025566630352760316
443,ACTCAC,0.0001242691410586755
444,ACTCAG,0.0004314185613591483
445,ACTCAT,0.00020143731344002416
446,ACTCCA,0.00013972247871260949
447,ACTCCC,7.440230003560561e-05
448,ACTCCG,0.00010384396449775104
449,ACTCCT,0.0002098916354943041
450,ACTCGA,0.00017241786749442836
451,ACTCGC,1.7264618524645363e-05
452,ACTCGG,2.7341288879349056e-05
453,ACTCTA,6.354389156951803e-05
454,ACTCTC,2.6184444533047862e-05
455,ACTCTG,0.0001275482727817763
456,ACTGAA,0.0002540730694757815
457,ACTGAC,0.0020825302411523446
458,ACTGAG,0.00014809867156464538
459,ACTGAT,0.000522525926761196
460,ACTGCA,0.00023388849516885492
461,ACTGCC,4.243700933263906e-05
462,ACTGCG,1.3885151592510183e-05
463,ACTGCT,5.5272743591278235e-05
464,ACTGGA,0.00017635030479707867
465,ACTGGC,0.0024549828888722524
466,ACTGGG,5.546925287338756e-05
467,ACTGTA,5.233586065259073e-05
468,ACTGTC,0.00015054080919679643
469,ACTGTG,0.00021336989805190913
470,ACTTAA,0.00013182691705743095
471,ACTTAC,1.8066341519130693e-05
472,ACTTAG,0.0001041985710637725
473,ACTTAT,0.00011151500933855328
474,ACTTCA,9.377476364271756e-05
475,ACTTCC,9.530460452573292e-05
476,ACTTCG,3.875891979605892e-05
477,ACTTCT,4.049459918681268e-05
478,ACTTGA,0.00016455886567523525
479,ACTTGC,0.00018560914563263864
480,ACTTGG,0.00012196201626404179
481,ACTTTA,0.00018437719641236687
482,ACTTTC,8.956614396116404e-05
483,ACTTTG,7.735199240207419e-05
484,AGAAAA,7.731490819237536e-05
485,AGAAAC,0.00010580138011323013
486,AGAAAG,0.0002702046165947976
487,AGAAAT,6.11980281565097e-05
488,AGAACA,5.9662004962316134e-05
489,AGAACC,4.446670425901252e-05
490,AGAACG,3.9168556433641346e-05
491,AGAACT,9.895563544383673e-05
492,AGAAGA,0.00014812957028184032
493,AGAAGC,8.676811732117344e-05
494,AGAAGG,3.0123033093811253e-05
495,AGAATA,7.437697784801746e-05
496,AGAATC,0.00024656180221500163
497,AGAATG,9.744123129081444e-05
498,AGACAA,0.00019610588349985235
499,AGACAC,0.00010040918800688437
500,AGACAG,0.00011429251560073165
501,AGACAT,3.2918196663366634e-05
502,AGACCA,0.0001103235004712892
503,AGACCC,8.248938141833525e-05
504,AGACCG,1.6037434351324638e-05
505,AGACCT,6.738608545199189e-05
506,AGACGA,0.0003666165271590187
507,AGACGC,3.8527889624783575e-05
508,AGACGG,6.714853003176289e-05
509,AGACTA,0.0002514502571984915
510,AGACTC,4.1673209436494046e-05
511,AGACTG,9.187848699871291e-05
512,AGAGAA,6.344147873265116e-05
513,AGAGAC,9.599238178157426e-05
514,AGAGAG,0.00021199888066948463
515,AGAGAT,3.331594975552218e-05
516,AGAGCA,0.0004423750909005274
517,AGAGCC,6.979858883925199e-06
518,AGAGCG,2.1479991957268745e-05
519,AGAGCT,0.00018227310690886042
520,AGAGGA,7.568096948968193e-06
521,AGAGGC,3.7779121301898686e-05
522,AGAGGG,1.4789370210005376e-05
523,AGAGTA,0.00020098968910824914
524,AGAGTC,2.9051659673034426e-05
525,AGAGTG,7.03438927775396e-05
526,AGATAA,0.00015327867264596846
527,AGATAC,9.916880778661395e-05
528,AGATAG,0.0009512830289480791
529,AGATAT,0.00023442599243232438
530,AGATCA,0.00022744735260598294
531,AGATCC,0.000249310410454291
532,AGATCG,0.00022164741392869682
533,AGATCT,0.00010602528837072642
534,AGATGA,0.00010917353505404752
535,AGATGC,8.656566592904865e-05
536,AGATGG,5.375958687664775e-05
537,AGATTA,9.733145569205577e-05
538,AGATTC,3.742729919489649e-05
539,AGATTG,0.0005885489987270976
540,AGCAAA,0.0006279057963595855
541,AGCAAC,7.205628926725643e-05
542,AGCAAG,0.00033183573485330727
543,AGCAAT,0.00011603838141053525
544,AGCACA,0.0003652639120672975
545,AGCACC,6.232561295280124e-05
546,AGCACG,1.5225437957987609e-05
547,AGCACT,7.24187579491903e-05
548,AGCAGA,6.355315779898389e-05
549,AGCAGC,0.0002260624291803977
550,AGCAGG,8.68297403030714e-05
551,AGCATA,4.3157125018566565e-05
552,AGCATC,0.00020760406509143632
553,AGCATG,8.034258696534623e-05
554,AGCCAA,0.0005762662737751248
555,AGCCAC,5.243789743973517e-05
556,AGCCAG,0.0001032022977337603
557,AGCCAT,4.014425089009621e-05
558,AGCCCA,0.00010969908503263121
559,AGCCCC,1.9331818085915578e-05
560,AGCCCG,9.28963103020552e-05
561,AGCCCT,6.906941814879864e-05
562,AGCCGA,4.712159611696381e-06
563,AGCCGC,9.124414663968525e-05
564,AGCCGG,0.00024504825595126364
565,AGCCTA,6.796703674861391e-05
566,AGCCTC,0.00021837047012336787
567,AGCCTG,0.0002741674516450269
568,AGCGAA,0.00021257248491589345
569,AGCGAC,9.782747802221983e-05
570,AGCGAG,2.2690401185429175e-05
571,AGCGAT,0.00014300593108834873
572,AGCGCA,8.212855527387533e-05
573,AGCGCC,0.00011206222627754358
574,AGCGCG,4.364118495740103e-05
575,AGCGCT,2.9078273947503183e-05
576,AGCGGA,0.00017661004073956502
577,AGCGGC,9.75363007160437e-05
578,AGCGGG,4.524721618916995e-05
579,AGCGTA,6.787867915269104e-05
580,AGCGTC,0.00010609367533706062
581,AGCGTG,7.362037275829293e-05
582,AGCTAA,0.00026439019282834523
583,AGCTAC,6.156073740224295e-05
584,AGCTAG,0.00020228285155397265
585,AGCTAT,0.00017975052804366023
586,AGCTCA,0.0016825028621562414
587,AGCTCC,0.0001045256042511225
588,AGCTCG,6.162610916828315e-05
589,AGCTGA,9.612259672601699e-05
590,AGCTGC,0.0012484300548526667
591,AGCTGG,0.00014871418838755869
592,AGCTTA,0.000808675414449668
593,AGCTTC,0.0001320556889151436
594,AGCTTG,0.00035683117974767746
595,AGGAAA,0.000117709160206051
596,AGGAAC,8.972094187023688e-05
597,AGGAAG,0.00011303066986987609
598,AGGAAT,0.00024452528341746354
599,AGGACA,3.361108198408698e-05
600,AGGACC,9.816746843286751e-05
601,AGGACG,1.5993847121025685e-05
602,AGGACT,3.0128323837086785e-05
603,AGGAGA,0.0007157729658525492
604,AGGAGC,7.08415586506825e-05
605,AGGAGG,0.00016503936561076764
606,AGGATA,5.1786575926433655e-05
607,AGGATC,0.00016361782351910985
608,AGGATG,4.728533923763528e-05
609,AGGCAA,0.0001337233002283226
610,AGGCAC,6.640265689530638e-05
611,AGGCAG,0.00010347657406085859
612,AGGCAT,1.8909646361565607e-05
613,AGGCCA,0.00015102992889485785
614,AGGCCC,1.887416773857173e-05
615,AGGCCG,6.63576646164699e-05
616,AGGCCT,1.7592558064584525e-07
617,AGGCGA,4.94945292017128e-07
618,AGGCGC,0.0002880876504581842
619,AGGCGG,0.00018314152076790463
620,AGGCTA,0.00016707265370942005
621,AGGCTC,5.015510931603752e-05
622,AGGCTG,0.00013737653078320746
623,AGGGAA,7.569718444232567e-05
624,AGGGAC,4.518823809985414e-05
625,AGGGAG,9.80506566185369e-05
626,AGGGAT,0.00010380337338427914
627,AGGGCA,4.468031540697711e-05
628,AGGGCC,0.00017027865969427715
629,AGGGCG,5.59385085175925e-05
630,AGGGGA,0.0001312676794585934
631,AGGGGC,4.247821062197104e-05
632,AGGGGG,4.158930551420916e-05
633,AGGGTA,5.1151368004039905e-05
634,AGGGTC,1.5220391670593928e-06
635,AGGGTG,1.4553476631714743e-05
636,AGGTAA,0.00010063136643069726
637,AGGTAC,3.745857490765352e-06
638,AGGTAG,1.7730462589390917e-05
639,AGGTAT,1.634883647399965e-05
640,AGGTCA,6.613906373850464e-05
641,AGGTCC,0.00023938270496023332
642,AGGTCG,2.1510778106665386e-05
643,AGGTGA,6.607976643954802e-05
644,AGGTGC,8.418839394114133e-05
645,AGGTGG,3.651340381059138e-05
646,AGGTTA,9.22063537041096e-05
647,AGGTTC,5.9621764702210595e-05
648,AGGTTG,6.030182157859562e-05
649,AGTAAA,0.00022088063989853727
650,AGTAAC,0.00012672452109582433
651,AGTAAG,6.820665906279955e-05
652,AGTAAT,6.887613670185015e-05
653,AGTACA,2.339599189078795e-05
654,AGTACC,3.93527919413354e-05
655,AGTACG,1.39142360159004e-05
656,AGTACT,7.044189537762102e-05
657,AGTAGA,2.0457286422202373e-05
658,AGTAGC,8.553680164826362e-06
659,AGTAGG,1.477843779956284e-05
660,AGTATA,7.503052335405392e-05
661,AGTATC,8.070794370668391e-05
662,AGTATG,5.297186892091668e-05
663,AGTCAA,0.0003696408553287668
664,AGTCAC,0.00013974946701129072
665,AGTCAG,0.0001967530613185349
666,AGTCAT,8.946885385652892e-05
667,AGTCCA,2.8953307466555433e-05
668,AGTCCC,0.00015379441699609042
669,AGTCCG,5.248196991035046e-05
670,AGTCGA,3.06723156199484e-05
671,AGTCGC,4.3315944141728375e-06
672,AGTCGG,5.843392404524436e-05
673,AGTCTA,5.448781151374012e-05
674,AGTCTC,3.022313137362479e-05
675,AGTCTG,8.494715240809036e-05
676,AGTGAA,0.00024828895044872877
677,AGTGAC,0.0009307371631041557
678,AGTGAG,5.7838173123485326e-05
679,AGTGAT,0.0022707175404846707
680,AGTGCA,0.0002929324648989455
681,AGTGCC,4.302434826600298e-06
682,AGTGCG,5.139921817910004e-05
683,AGTGGA,0.00014254149783414196
684,AGTGGC,0.00010044254242780932
685,AGTGGG,0.00013412979435116737
686,AGTGTA,4.279167663542274e-06
687,AGTGTC,8.579516899519132e-05
688,AGTGTG,6.880524103331947e-05
689,AGTTAA,5.158103516957517e-05
690,AGTTAC,2.9052432625678377e-05
691,AGTTAG,0.0003769221517714484
692,AGTTAT,2.2274955835962724e-05
693,AGTTCA,9.17780500927735e-05
694,AGTTCC,6.342527491549548e-05
695,AGTTCG,9.617614874195907e-06
696,AGTTGA,0.0015570946660893852
697,AGTTGC,0.00012055446669539894
698,AGTTGG,0.0006997760690127329
699,AGTTTA,9.63325034384874e-05
700,AGTTTC,6.969743086476266e-05
701,AGTTTG,0.0004051140266714532
702,ATAAAA,0.0006188086420867895
703,ATAAAC,4.962435351692887e-05
704,ATAAAG,0.00019731458129049358
705,ATAAAT,0.0010927769879448543
706,ATAACA,6.320077788923346e-05
707,ATAACC,0.0001850278097688014
708,ATAACG,0.00010376618116789284
709,ATAAGA,0.00012796445203917733
710,ATAAGC,0.0004376547780852358
711,ATAAGG,2.1369204710547858e-05
712,ATAATA,0.00024565141330782004
713,ATAATC,0.00013776419195956756
714,ATAATG,0.00018906822002408361
715,ATACAA,5.007706269971173e-05
716,ATACAC,6.553695819056235e-05
717,ATACAG,3.414948502617493e-05
718,ATACAT,0.0002536112270782395
719,ATACCA,0.0001749861080323151
720,ATACCC,8.715191998433606e-05
721,ATACCG,0.00010460644721387384
722,ATACGA,0.0006326005572441562
723,ATACGC,4.845238374158198e-05
724,ATACGG,4.092485964659987e-05
725,ATACTA,6.539719234308105e-05
726,ATACTC,0.00012676266736080002
727,ATACTG,0.00010473232583366634
728,ATAGAA,0.0002186143217089902
729,ATAGAC,6.686844811651533e-05
730,ATAGAG,9.717086070138636e-05
731,ATAGAT,0.00012954462138266905
732,ATAGCA,7.929764596268847e-05
733,ATAGCC,3.74726072752403e-05
734,ATAGCG,0.00015736847816973334
735,ATAGGA,0.00011422165770810795
736,ATAGGC,2.930713708027842e-05
737,ATAGGG,3.102705321427122e-06
738,ATAGTA,0.00011347980958872346
739,ATAGTC,6.71207541890849e-05
740,ATAGTG,6.423389593966888e-05
741,ATATAA,0.006958151606359101
742,ATATAC,0.00015646822732491854
743,ATATAG,7.670238722996807e-05
744,ATATAT,0.0002264920859519781
745,ATATCA,0.00037492796816671064
746,ATATCC,9.060535373375072e-05
747,ATATCG,0.00015783983805028485
748,ATATGA,0.00018993006956118257
749,ATATGC,0.00022601560152740299
750,ATATGG,7.380000943201876e-05
751,ATATTA,0.00033208912303148245
752,ATATTC,4.9220893353767575e-05
753,ATATTG,0.0001727224846404995
754,ATCAAA,0.0006774863140005234
755,ATCAAC,0.0022504644971720563
756,ATCAAG,5.6295895283483513e-05
757,ATCAAT,0.0006325747593279516
758,ATCACA,0.00010081278416272494
759,ATCACC,8.972530421280032e-05
760,ATCACG,6.864390878332766e-05
761,ATCAGA,7.64468066487515e-05
762,ATCAGC,1.324281270195711e-05
763,ATCAGG,0.00012464940610872592
764,ATCATA,0.00012109679138720182
765,ATCATC,0.00024541453996402716
766,ATCATG,8.503556757973995e-05
767,ATCCAA,0.0006702103630946708
768,ATCCAC,5.4861852826275246e-05
769,ATCCAG,0.00019663771360628766
770,ATCCAT,7.90240616495432e-05
771,ATCCCA,0.00012800025963973844
772,ATCCCC,6.58876314343449e-05
773,ATCCCG,0.00023977364033681738
774,ATCCGA,0.0001865703906196311
775,ATCCGC,1.795469686977795e-05
776,ATCCGG,0.0009086887717489622
777,ATCCTA,7.089477038378318e-05
778,ATCCTC,0.00015138284227337844
779,ATCCTG,0.00033129632023473805
780,ATCGAA,0.00042215782392885466
781,ATCGAC,3.9881086186257695e-05
782,ATCGAG,0.00011713569998031543
783,ATCGAT,0.00010318117873636172
784,ATCGCA,7.389595056104273e-05
785,ATCGCC,0.00010197880880522512
786,ATCGCG,0.0001443578067002834
787,ATCGGA,0.00018878317082236907
788,ATCGGC,0.00011681837901663448
789,ATCGGG,6.496501134662629e-05
790,ATCGTA,0.0002847571287964384
791,ATCGTC,0.001424468236699781
792,ATCGTG,5.405623319172907e-05
793,ATCTAA,0.00015156059958295796
794,ATCTAC,6.221241723359722e-05
795,ATCTAG,0.00010072630220081664
796,ATCTCA,0.00013922886130350397
797,ATCTCC,0.00011306341439037049
798,ATCTCG,0.00013383495027059105
799,ATCTGA,7.496637363094845e-05
800,ATCTGC,8.805312572897395e-05
801,ATCTGG,0.00010229050177467513
802,ATCTTA,0.0002267704385374536
803,ATCTTC,8.53283633573357e-05
804,ATCTTG,4.703986199710616e-05
805,ATGAAA,7.447330161011894e-05
806,ATGAAC,2.665977286909782e-05
807,ATGAAG,1.6459146763393183e-05
808,ATGAAT,3.3249296211681e-05
809,ATGACA,0.000455353747522854
810,ATGACC,4.658821262998365e-05
811,ATGACG,0.0009336445929844856
812,ATGAGA,0.00012140170826255279
813,ATGAGC,0.00019824330316042048
814,ATGAGG,0.0009678920870966648
815,ATGATA,0.004253820941926714
816,ATGATC,0.0002642279243779463
817,ATGATG,9.952559646927604e-05
818,ATGCAA,0.0011448830050595888
819,ATGCAC,0.00015604775556278324
820,ATGCAG,0.0004212368203776118
821,ATGCAT,0.0001999079691184991
822,ATGCCA,0.0002259871695558276
823,ATGCCC,0.00010378555629500321
824,ATGCCG,0.00035047959940106394
825,ATGCGA,0.00017123194688961344
826,ATGCGC,8.491824050424545e-05
827,ATGCGG,4.080586221717869e-05
828,ATGCTA,0.0001194796583248844
829,ATGCTC,0.0001747011733785694
830,ATGCTG,1.0689953405405024e-05
831,ATGGAA,0.00012537895577827412
832,ATGGAC,7.594721756957394e-05
833,ATGGAG,0.00010301216283013628
834,ATGGCA,9.580259008536629e-05
835,ATGGCC,0.00012858103064329956
836,ATGGCG,2.62281836526034e-05
837,ATGGGA,0.0001397874500063772
838,ATGGGC,7.495212845235866e-05
839,ATGGGG,2.7549520636971937e-05
840,ATGGTA,0.00026446818677751995
841,ATGGTC,4.1138605661381045e-05
842,ATGGTG,7.67961305768872e-05
843,ATGTAA,0.00012144290901432493
844,ATGTAC,8.572533527448525e-05
845,ATGTAG,3.320906689565272e-05
846,ATGTCA,0.0002146755385695079
847,ATGTCC,1.159992484426828e-05
848,ATGTCG,3.500719577861774e-05
849,ATGTGA,3.368893861767386e-05
850,ATGTGC,4.4328158103413174e-05
851,ATGTGG,8.490134500735696e-05
852,ATGTTA,0.0005617898790120508
853,ATGTTC,5.543249334980619e-05
854,ATGTTG,0.00011923815561110976
855,ATTAAA,0.010218727529230687
856,ATTAAC,9.160130106417903e-05
857,ATTAAG,0.0001824738665484527
858,ATTAAT,0.0004718342664871076
859,ATTACA,0.00012615355814122838
860,ATTACC,8.713838773526033e-05
861,ATTACG,9.976965707294068e-05
862,ATTAGA,0.00017783560284164514
863,ATTAGC,5.893337084558069e-06
864,ATTAGG,4.722150706606453e-05
865,ATTATA,0.0006374622621206845
866,ATTATC,0.00017765452830527956
867,ATTATG,0.00015940674728645804
868,ATTCAA,0.0005909280215793306
869,ATTCAC,5.20666443226824e-05
870,ATTCAG,4.596070967341439e-05
871,ATTCCA,0.0001482660006792488
872,ATTCCC,4.398787835617299e-05
873,ATTCCG,0.0002571246943659235
874,ATTCGA,0.00019805111870719805
875,ATTCGC,7.430788108568788e-05
876,ATTCGG,5.1021874722175726e-05
877,ATTCTA,5.752340110402926e-05
878,ATTCTC,5.859999706410683e-05
879,ATTCTG,9.676752299310133e-05
880,ATTGAA,0.001017040637398357
881,ATTGAC,0.0018534151133672203
882,ATTGAG,0.0001408122588824918
883,ATTGCA,0.000519651724608665
884,ATTGCC,8.203813788451263e-05
885,ATTGCG,0.00011057661274270691
886,ATTGGA,0.000265375026108184
887,ATTGGC,0.0033429950370917395
888,ATTGGG,8.717271851303601e-05
889,ATTGTA,0.00018027895331665063
890,ATTGTC,0.00010699688087622337
891,ATTGTG,5.703732814649901e-05
892,ATTTAA,0.01609085738452369
893,ATTTAC,0.00013515402644029338
894,ATTTAG,0.00026918898119035104
895,ATTTCA,0.0001677078886679525
896,ATTTCC,0.00013860560535251668
897,ATTTCG,0.0003760054201872448
898,ATTTGA,0.0002046008817043292
899,ATTTGC,0.0007172992623590295
900,ATTTGG,0.00024014830548126597
901,ATTTTA,0.00026378773349692897
902,ATTTTC,6.501546350142733e-05
903,ATTTTG,0.00014469646466721165
904,CAAAAA,8.880991668360504e-05
905,CAAAAC,0.00011633160971978605
906,CAAAAG,7.862503541743618e-05
907,CAAACA,0.00013043881887274002
908,CAAACC,0.00021323114581897002
909,CAAACG,0.0018049001469724484
910,CAAAGA,2.7357632619056816e-05
911,CAAAGC,5.6868518486070374e-05
912,CAAAGG,5.386842900669082e-05
913,CAAATA,0.00010840294145227163
914,CAAATC,0.0008820277063106509
915,CAAATG,0.00024599724674064405
916,CAACAA,0.00011113390460946174
917,CAACAC,0.00014955490993709728
918,CAACAG,0.00018628776652594747
919,CAACCA,0.00012099248261956813
920,CAACCC,4.573062297766753e-05
921,CAACCG,7.39615171698151e-05
922,CAACGA,0.00022480794740132118
923,CAACGC,0.00011334132524388114
924,CAACGG,2.9254411410974036e-05
925,CAACTA,3.971368088678707e-05
926,CAACTC,7.762062026472975e-05
927,CAACTG,0.00362034584980792
928,CAAGAA,0.0001835225268891933
929,CAAGAC,8.574296564757047e-05
930,CAAGAG,0.00020215483795263658
931,CAAGCA,9.526562059832707e-05
932,CAAGCC,0.00016214315271334244
933,CAAGCG,7.074018836930963e-05
934,CAAGGA,0.00018733628326099178
935,CAAGGC,0.000265609803795714
936,CAAGGG,2.4048906371698233e-05
937,CAAGTA,0.00011015593869952714
938,CAAGTC,6.148953076637143e-05
939,CAAGTG,0.00014400967065447063
940,CAATAA,7.054067718019408e-05
941,CAATAC,0.0002380841536584171
942,CAATAG,0.0003607066700950504
943,CAATCA,0.04947133395801648
944,CAATCC,7.584171380627409e-05
945,CAATCG,0.000517781416618618
946,CAATGA,0.00024155572645366048
947,CAATGC,0.00012246373970773117
948,CAATGG,0.00016933707213554126
949,CAATTA,0.00018011724461833496
950,CAATTC,0.0001975521029131882
951,CAATTG,4.429666179104557e-05
952,CACAAA,6.57746107726444e-05
953,CACAAC,2.2163461626288455e-05
954,CACAAG,8.865938866962946e-05
955,CACACA,0.00018144053052592885
956,CACACC,7.687204212889779e-05
957,CACACG,2.565899785137482e-05
958,CACAGA,0.00011290079849433553
959,CACAGC,0.00014063598138264205
960,CACAGG,7.843838815397622e-05
961,CACATA,0.00022304464181017108
962,CACATC,5.8098824413071425e-05
963,CACATG,0.0002499340848609908
964,CACCAA,0.0006294071101974092
965,CACCAC,0.00016324950556226712
966,CACCAG,8.184905007933801e-05
967,CACCCA,6.208946510938935e-05
968,CACCCC,2.1622678763289702e-05
969,CACCCG,0.00013958014088811616
970,CACCGA,0.00015818885841883411
971,CACCGC,1.659677962781672e-05
972,CACCGG,6.795007955658669e-05
973,CACCTA,7.1035969447796e-05
974,CACCTC,0.00017954030453872234
975,CACCTG,3.592634427853831e-05
976,CACGAA,5.697591446157786e-05
977,CACGAC,0.00011928743286684066
978,CACGAG,0.000773451400741959
979,CACGCA,0.0001880186910530781
980,CACGCC,2.618719216893878e-05
981,CACGCG,0.0021834061709099808
982,CACGGA,2.1429902224689664e-05
983,CACGGC,0.00016696852497446787
984,CACGGG,3.621377829143842e-05
985,CACGTA,9.102932936952784e-05
986,CACGTC,9.121160821270561e-05
987,CACGTG,0.00016445956343713242
988,CACTAA,0.00014024617011435577
989,CACTAC,7.054392505908709e-05
990,CACTAG,9.712693551541433e-05
991,CACTCA,8.55947997782299e-05
992,CACTCC,2.424325369532276e-05
993,CACTCG,1.3263936539935784e-05
994,CACTGA,0.0009530789090155232
995,CACTGC,7.217232825413492e-05
996,CACTGG,0.00021597249917730126
997,CACTTA,3.8858409921364315e-05
998,CACTTC,0.0004459390770379414
999,CAGAAA,0.0002705593594126675
1000,CAGAAC,6.497207052199494e-05
1001,CAGAAG,0.0001788827527570749
1002,CAGACA,8.650768202360026e-05
1003,CAGACC,5.8919916188179355e-05
1004,CAGACG,6.235803061444626e-05
1005,CAGAGA,0.00014989381892527854
1006,CAGAGC,7.386879444933605e-05
1007,CAGAGG,0.00014049533830860054
1008,CAGATA,0.00016124020107597287
1009,CAGATC,0.0004041661022393585
1010,CAGATG,0.00010604887245951894
1011,CAGCAA,0.0016092142821562256
1012,CAGCAC,0.00013970379840369293
1013,CAGCAG,0.0003437370699378457
1014,CAGCCA,0.00033673232660413383
1015,CAGCCC,9.867383459545003e-06
1016,CAGCCG,7.392816154525348e-05
1017,CAGCGA,8.541353033035228e-06
1018,CAGCGC,0.0003320646342898994
1019,CAGCGG,0.00015643801013094836
1020,CAGCTA,6.1031830670453286e-05
1021,CAGCTC,6.67929583638917e-05
1022,CAGCTG,0.002904826834133298
1023,CAGGAA,0.00026912701699299704
1024,CAGGAC,9.420810702801291e-05
1025,CAGGAG,0.0005280303112582703
1026,CAGGCA,0.0005995161577602435
1027,CAGGCC,0.028026371625568175
1028,CAGGCG,0.0003913410924636802
1029,CAGGGA,7.108266928420614e-05
1030,CAGGGC,0.000108337949770535
1031,CAGGGG,0.00021844770757698434
1032,CAGGTA,3.0969206006668824e-05
1033,CAGGTC,7.505904530549347e-05
1034,CAGTAA,0.00012685926695884636
1035,CAGTAC,8.651147916755742e-05
1036,CAGTAG,1.967479867886404e-05
1037,CAGTCA,0.00015211564774521828
1038,CAGTCC,1.6874800050192787e-05
1039,CAGTCG,0.00010692807546985351
1040,CAGTGA,0.0008696253280500964
1041,CAGTGC,0.002030509833760961
1042,CAGTGG,0.00024987521135397934
1043,CAGTTA,0.0001816867166951203
1044,CAGTTC,0.00012968479621154738
1045,CATAAA,0.00011106862438512894
1046,CATAAC,6.874965960177309e-05
1047,CATAAG,0.00010957236346627845
1048,CATACA,8.39154059188948e-05
1049,CATACC,2.9263994935674955e-05
1050,CATACG,7.851262319185398e-05
1051,CATAGA,2.9412591827838692e-05
1052,CATAGC,4.665772115099193e-05
1053,CATAGG,4.8831436407575e-05
1054,CATATA,0.000175107756749982
1055,CATATC,7.130624963408403e-05
1056,CATATG,2.1126990149113447e-05
1057,CATCAA,0.002256383978372062
1058,CATCAC,0.00011034087215873761
1059,CATCAG,3.8319856069054664e-05
1060,CATCCA,0.00024016003204829718
1061,CATCCC,0.00011490808949523038
1062,CATCCG,8.956378163526931e-05
1063,CATCGA,0.0002124319873382433
1064,CATCGC,5.705265926314608e-05
1065,CATCGG,0.00010118178574763675
1066,CATCTA,5.583602668656601e-05
1067,CATCTC,4.429500275668876e-05
1068,CATGAA,7.221461340626247e-05
1069,CATGAC,7.749738726415445e-05
1070,CATGAG,0.004033419043353073
1071,CATGCA,0.0004633082179787822
1072,CATGCC,0.0002758425019677423
1073,CATGCG,0.00012094409911516474
1074,CATGGA,0.00026793943782136035
1075,CATGGC,0.0001368941421026881
1076,CATGGG,3.550126717009468e-05
1077,CATGTA,0.00012412210508127756
1078,CATGTC,6.45514304559378e-05
1079,CATTAA,0.0006302490584394967
1080,CATTAC,0.0001312538446029559
1081,CATTAG,9.579303900802924e-05
1082,CATTCA,0.00010637483839182276
1083,CATTCC,7.022028346799084e-05
1084,CATTCG,9.468471653001106e-05
1085,CATTGA,0.0021274295543562364
1086,CATTGC,0.0001648397727494951
1087,CATTGG,0.00037047049580097636
1088,CATTTA,0.0007812428262493284
1089,CATTTC,3.361077939721952e-05
1090,CCAAAA,0.00010606594064849393
1091,CCAAAC,0.0008474580507889268
1092,CCAAAG,8.064100566018668e-05
1093,CCAACA,0.00046974404079928503
1094,CCAACC,0.0001504280058010685
1095,CCAACG,0.00010905737855561654
1096,CCAAGA,0.00013976648393823293
1097,CCAAGC,0.00018331355923071601
1098,CCAAGG,0.0002725533439767692
1099,CCAATA,0.000282032156424189
1100,CCAATC,0.000299685176532123
1101,CCACAA,0.00017387424253591195
1102,CCACAC,4.033471906452182e-05
1103,CCACAG,0.0010546005760859597
1104,CCACCA,4.3130775894118176e-05
1105,CCACCC,0.0002464261507293439
1106,CCACCG,0.000128642189967048
1107,CCACGA,0.00014174720364097177
1108,CCACGC,0.0014600443982363553
1109,CCACGG,6.021638487824053e-05
1110,CCACTA,8.006757119428012e-06
1111,CCACTC,5.11738083055366e-05
1112,CCAGAA,9.40907062420303e-05
1113,CCAGAC,3.4246305613533236e-05
1114,CCAGAG,0.00010456666515741838
1115,CCAGCA,0.00033610297669097616
1116,CCAGCC,0.0001161401699489417
1117,CCAGCG,0.0004136170259238142
1118,CCAGGA,0.001175656788286285
1119,CCAGGC,0.00132123563435221
1120,CCAGGG,0.001203456493318309
1121,CCAGTA,0.00010829682087229133
1122,CCAGTC,9.593907962246919e-05
1123,CCATAA,3.494874714675324e-05
1124,CCATAC,3.303570187464828e-05
1125,CCATAG,3.112345811594389e-05
1126,CCATCA,0.00017873428279973412
1127,CCATCC,7.32913096016487e-05
1128,CCATCG,0.0002163282981936101
1129,CCATGA,2.1834383860467146e-05
1130,CCATGC,0.0002411069805167431
1131,CCATGG,1.9514938698397536e-05
1132,CCATTA,3.3931148998394586e-05
1133,CCATTC,1.1195357471243885e-05
1134,CCCAAA,0.00020725680597039758
1135,CCCAAC,8.481457653400743e-05
1136,CCCAAG,0.00011865594215748234
1137,CCCACA,8.454300666422452e-05
1138,CCCACC,0.0001362639155468568
1139,CCCACG,0.00034534277947714505
1140,CCCAGA,5.218499039457846e-05
1141,CCCAGC,0.00012717179612054317
1142,CCCAGG,0.000991316463829624
1143,CCCATA,4.788103571733418e-05
1144,CCCATC,3.699338869812966e-05
1145,CCCCAA,9.518433990893687e-05
1146,CCCCAC,0.00015721468825035084
1147,CCCCAG,0.00010709676526179555
1148,CCCCCA,7.250789345410173e-05
1149,CCCCCC,3.646520344805732e-05
1150,CCCCCG,7.384994233482075e-05
1151,CCCCGA,0.0001649680374623605
1152,CCCCGC,4.8038735179098144e-05
1153,CCCCGG,0.00014372570858065925
1154,CCCCTA,2.663786592309156e-05
1155,CCCCTC,0.00015529232110521765
1156,CCCGAA,0.0002660734265368186
1157,CCCGAC,8.703231591273082e-05
1158,CCCGAG,0.00031907119294118086
1159,CCCGCA,4.0356531861454825e-05
1160,CCCGCC,0.00010845401081638662
1161,CCCGCG,0.00029107007274739973
1162,CCCGGA,0.00035702754138153823
1163,CCCGGC,0.0008019527673294655
1164,CCCGGG,0.0003222126962134513
1165,CCCGTA,0.0001056710984495213
1166,CCCGTC,3.4281455938539155e-06
1167,CCCTAA,8.17949699907508e-05
1168,CCCTAC,7.219923345517172e-05
1169,CCCTAG,0.00017813084915360562
1170,CCCTCA,7.136148857184768e-05
1171,CCCTCC,0.00010722085838824225
1172,CCCTCG,0.0002673740518072102
1173,CCCTGA,1.6404706531145473e-05
1174,CCCTGC,0.00019744816803278015
1175,CCCTTA,4.282029472108247e-05
1176,CCCTTC,3.0015525053278897e-05
1177,CCGAAA,0.0002553448783774571
1178,CCGAAC,0.00012903024357260924
1179,CCGAAG,4.6423541018284046e-05
1180,CCGACA,0.0001445564520334569
1181,CCGACC,0.0005549814414756469
1182,CCGACG,9.735791870052282e-05
1183,CCGAGA,5.1404274444852374e-05
1184,CCGAGC,1.503683847418581e-05
1185,CCGAGG,0.0004294805368582657
1186,CCGATA,0.00020063453873805728
1187,CCGATC,0.00012689533206963535
1188,CCGCAA,0.0001624415707515408
1189,CCGCAC,4.2716773764069496e-05
1190,CCGCAG,0.00016444942745093337
1191,CCGCCA,0.00025891345973774206
1192,CCGCCC,0.00017053845075931477
1193,CCGCCG,0.0006581389240618277
1194,CCGCGA,4.1645589001138964e-05
1195,CCGCGC,0.00025698111333702394
1196,CCGCGG,0.0002919955635123748
1197,CCGCTA,2.611379142961043e-05
1198,CCGCTC,1.5285145136742577e-05
1199,CCGGAA,0.0020740384839586434
1200,CCGGAC,0.00022550395638935863
1201,CCGGAG,0.00023663742116657814
1202,CCGGCA,0.00043385891734738487
1203,CCGGCC,0.0004774300904384645
1204,CCGGCG,0.0024906704254347724
1205,CCGGGA,0.001394912037883691
1206,CCGGGC,0.0014516517621920694
1207,CCGGTA,7.246112267720354e-05
1208,CCGGTC,5.1932837996887204e-05
1209,CCGTAA,6.397791618887555e-05
1210,CCGTAC,3.318752156317853e-06
1211,CCGTAG,6.587339674351219e-05
1212,CCGTCA,7.725199082611489e-05
1213,CCGTCC,7.101205043049954e-05
1214,CCGTCG,0.0002770834478854553
1215,CCGTGA,0.00010278525470694371
1216,CCGTGC,2.912459926453091e-05
1217,CCGTTA,0.0001508477371693113
1218,CCGTTC,3.579350539859449e-05
1219,CCTAAA,0.00045107946030125356
1220,CCTAAC,0.00014031570379386416
1221,CCTAAG,2.148425245859624e-05
1222,CCTACA,5.75545921371029e-05
1223,CCTACC,9.856470047827259e-06
1224,CCTACG,9.059589727703464e-05
1225,CCTAGA,0.00021616236439646515
1226,CCTAGC,4.834088922459799e-05
1227,CCTAGG,0.0001223375588998956
1228,CCTATA,0.0001582054692970792
1229,CCTATC,8.852886141660805e-05
1230,CCTCAA,9.241093281843972e-05
1231,CCTCAC,0.00014080299982787445
1232,CCTCAG,0.008771330600302954
1233,CCTCCA,0.00021126762652155234
1234,CCTCCC,0.0006791818825677369
1235,CCTCCG,0.0002276943306252227
1236,CCTCGA,0.0004951426487419759
1237,CCTCGC,0.0005901373119936339
1238,CCTCTA,2.136881015118457e-05
1239,CCTCTC,3.1310863426119715e-05
1240,CCTGAA,0.0002164465983833042
1241,CCTGAC,6.017742532732618e-05
1242,CCTGAG,8.538128066002834e-05
1243,CCTGCA,0.0008971187218519243
1244,CCTGCC,0.00017158721470663112
1245,CCTGCG,0.0003291540851685051
1246,CCTGGA,0.0011665648239092892
1247,CCTGGC,0.001798199920655206
1248,CCTGTA,0.0005298140808249438
1249,CCTGTC,6.31094085287601e-05
1250,CCTTAA,0.00013074200050695195
1251,CCTTAC,2.699009035234278e-05
1252,CCTTAG,0.00011647839224203122
1253,CCTTCA,5.2253760092086733e-05
1254,CCTTCC,3.1607613723193865e-05
1255,CCTTCG,4.6385521029373696e-05
1256,CCTTGA,0.00024046127507102347
1257,CCTTGC,0.0001107229631613113
1258,CCTTTA,6.260459211512698e-05
1259,CCTTTC,8.773945618890494e-05
1260,CGAAAA,0.0004408253523738592
1261,CGAAAC,8.30316801965155e-05
1262,CGAAAG,0.0002627772481679974
1263,CGAACA,0.0001674645403077884
1264,CGAACC,4.14464373552237e-05
1265,CGAACG,1.4945554206846337e-05
1266,CGAAGA,3.218903509630534e-05
1267,CGAAGC,0.00011227968700872455
1268,CGAATA,0.0001049204322189181
1269,CGAATC,0.00014626539915612872
1270,CGACAA,0.0002476638272633187
1271,CGACAC,0.00021844546334272083
1272,CGACAG,0.00010965460181534592
1273,CGACCA,6.09400455654562e-05
1274,CGACCC,3.8456375020172996e-05
1275,CGACCG,3.266120645018952e-05
1276,CGACGA,0.00040419717112473344
1277,CGACGC,0.0028952774075826234
1278,CGACTA,6.413742718385854e-05
1279,CGACTC,1.1356511135994127e-05
1280,CGAGAA,8.701255873665734e-05
1281,CGAGAC,1.733697236872434e-05
1282,CGAGAG,7.823756948375732e-06
1283,CGAGCA,0.00013155042203602828
1284,CGAGCC,9.715028713365961e-05
1285,CGAGCG,0.10126545293194932
1286,CGAGGA,0.0005264757596396812
1287,CGAGGC,0.0001664171633446995
1288,CGAGTA,2.827785848505012e-05
1289,CGAGTC,3.5246254877658686e-05
1290,CGATAA,0.001555643319002766
1291,CGATAC,0.00010659867625773748
1292,CGATAG,0.0002972606467403042
1293,CGATCA,0.00011327624226091824
1294,CGATCC,0.0003065267252514479
1295,CGATCG,0.00010841322286640821
1296,CGATGA,0.0008546561670585108
1297,CGATGC,6.654131345912916e-05
1298,CGATTA,0.0002893089796825734
1299,CGATTC,9.58745913554583e-05
1300,CGCAAA,9.476347085737597e-05
1301,CGCAAC,5.499532667318467e-05
1302,CGCAAG,0.00014802756978823142
1303,CGCACA,3.2884581588641096e-05
1304,CGCACC,5.644336040642009e-05
1305,CGCACG,0.00015358078658029122
1306,CGCAGA,6.0910966219975216e-05
1307,CGCAGC,0.00030554040152212634
1308,CGCATA,9.229725192409221e-05
1309,CGCATC,6.774267176265336e-05
1310,CGCCAA,0.0005608221187683849
1311,CGCCAC,2.1989447670749523e-05
1312,CGCCAG,0.0035797906461490876
1313,CGCCCA,5.414787777211963e-05
1314,CGCCCC,0.00012008686253200528
1315,CGCCCG,0.000267019773887337
1316,CGCCGA,0.0014131683026771397
1317,CGCCGC,0.0004906490385072898
1318,CGCCTA,8.443888980078852e-05
1319,CGCCTC,4.524699197607109e-05
1320,CGCGAA,0.0002151827445519217
1321,CGCGAC,5.531820873969183e-05
1322,CGCGAG,0.00015394694658124792
1323,CGCGCA,0.00017202932888719797
1324,CGCGCC,0.0003222872417219024
1325,CGCGCG,0.00032661710560651173
1326,CGCGGA,0.0005477715918000208
1327,CGCGGC,0.00015486930637919203
1328,CGCGTA,9.753858218573774e-06
1329,CGCGTC,0.00011619908730262676
1330,CGCTAA,0.0001938148929665414
1331,CGCTAC,3.993458819021268e-05
1332,CGCTAG,8.902487307699339e-05
1333,CGCTCA,2.8180916360942115e-05
1334,CGCTCC,3.8006617913299875e-05
1335,CGCTGA,0.00013343103360204938
1336,CGCTGC,0.0001091249297878404
1337,CGCTTA,0.00015040975936687857
1338,CGCTTC,0.00016245363347646184
1339,CGGAAA,0.0011035430419068467
1340,CGGAAC,5.1258579300100846e-05
1341,CGGAAG,6.330306629664686e-05
1342,CGGACA,7.208673073534122e-05
1343,CGGACC,2.830662522844336e-05
1344,CGGACG,7.673988698059489e-05
1345,CGGAGA,0.000580205578904027
1346,CGGAGC,5.70417462018881e-05
1347,CGGATA,7.355151161668303e-05
1348,CGGATC,0.00011490272183914196
1349,CGGCAA,0.00011973737546894751
1350,CGGCAC,7.623394700642961e-05
1351,CGGCAG,0.0002944196483201732
1352,CGGCCA,0.0018052730857298915
1353,CGGCCC,5.372116729984758e-05
1354,CGGCCG,4.308014143957089e-05
1355,CGGCGA,0.0011452186162044476
1356,CGGCGC,0.001825854031785434
1357,CGGCTA,1.9604984086882686e-05
1358,CGGCTC,2.0828234691791776e-05
1359,CGGGAA,0.0006007285579763703
1360,CGGGAC,2.3809509881187492e-05
1361,CGGGAG,0.000271126267868646
1362,CGGGCA,0.00022466709693508714
1363,CGGGCC,0.00012346100655268415
1364,CGGGGA,4.8184918770238334e-05
1365,CGGGGC,9.03758726512732e-05
1366,CGGGTA,0.00010303273436338106
1367,CGGGTC,5.0958808388292066e-05
1368,CGGTAA,0.00025439640035500256
1369,CGGTAC,5.814644074611621e-05
1370,CGGTAG,7.05150944400423e-05
1371,CGGTCA,0.00018395914707607298
1372,CGGTCC,3.849077484421306e-05
1373,CGGTGA,2.1256603490772042e-05
1374,CGGTGC,0.00012499276176258206
1375,CGGTTA,0.00012938806367816843
1376,CGGTTC,7.444108742993028e-06
1377,CGTAAA,0.0004339171782807477
1378,CGTAAC,7.410727503796141e-05
1379,CGTAAG,2.0689603105594035e-05
1380,CGTACA,4.385343481833014e-05
1381,CGTACC,6.444995284355348e-05
1382,CGTACG,2.051221063516737e-05
1383,CGTAGA,1.5953545200390447e-05
1384,CGTAGC,1.88702047897961e-06
1385,CGTATA,8.549571813378208e-05
1386,CGTATC,0.00014257826065179057
1387,CGTCAA,0.0009148451043573091
1388,CGTCAC,0.00046972196182013296
1389,CGTCAG,8.11403653549881e-05
1390,CGTCCA,8.147184311248156e-05
1391,CGTCCC,0.00013567227161015915
1392,CGTCGA,0.0023982980103640496
1393,CGTCGC,0.00011390264178802766
1394,CGTCTA,0.00012405256471026015
1395,CGTCTC,0.00030469050040216576
1396,CGTGAA,5.444264175158999e-05
1397,CGTGAC,6.131623570309801e-05
1398,CGTGAG,7.685398306818185e-05
1399,CGTGCA,0.00014415422204828418
1400,CGTGCC,0.00013826888353412142
1401,CGTGGA,0.00042022817622684315
1402,CGTGGC,0.00031963001759557246
1403,CGTGTA,2.533103495777867e-05
1404,CGTGTC,5.758923427949074e-05
1405,CGTTAA,0.0016910471292332038
1406,CGTTAC,0.00024808034683895753
1407,CGTTAG,0.00032128890872318896
1408,CGTTCA,0.0001786456987980976
1409,CGTTCC,1.4037136360757444e-05
1410,CGTTGA,0.00025388290055441796
1411,CGTTGC,0.00012098212947062677
1412,CGTTTA,0.00015873678899639196
1413,CGTTTC,0.00084852389438393
1414,CTAAAA,0.00016396958059948505
1415,CTAAAC,0.00030989714372575575
1416,CTAAAG,0.0005462968451067191
1417,CTAACA,0.000510280870207993
1418,CTAACC,7.107614147871895e-05
1419,CTAAGA,0.00024159926541433727
1420,CTAAGC,7.018528535571847e-05
1421,CTAATA,0.0001625512589231818
1422,CTAATC,7.928259788855082e-05
1423,CTACAA,5.111584423919063e-05
1424,CTACAC,5.141281860083406e-05
1425,CTACAG,0.00016826708267613525
1426,CTACCA,7.758946076316961e-05
1427,CTACCC,0.00013835768895299118
1428,CTACGA,4.0648238944195946e-05
1429,CTACGC,0.00011960120934157266
1430,CTACTA,3.7223113602929756e-05
1431,CTACTC,0.0001334533783731219
1432,CTAGAA,0.0003123225741209124
1433,CTAGAC,0.00013412165340966458
1434,CTAGAG,9.202414236110408e-05
1435,CTAGCA,0.00011550574998274404
1436,CTAGCC,5.534380702661214e-05
1437,CTAGGA,0.001638138723624441
1438,CTAGGC,0.00019871966488753528
1439,CTAGTA,4.3942543134656676e-05
1440,CTAGTC,0.00015538292200189058
1441,CTATAA,0.0007494498449819155
1442,CTATAC,5.45045076952554e-05
1443,CTATAG,0.0003813239991074938
1444,CTATCA,0.0010345419307988613
1445,CTATCC,2.9142135904445893e-05
1446,CTATGA,7.231285074131428e-05
1447,CTATGC,7.704332124964158e-05
1448,CTATTA,0.0001605045921762506
1449,CTATTC,2.224903924619946e-05
1450,CTCAAA,0.00011592681248429363
1451,CTCAAC,0.00018699965158972413
1452,CTCAAG,0.0005262366165139595
1453,CTCACA,0.00033613288397347287
1454,CTCACC,0.00020242224177982197
1455,CTCAGA,4.297335264456753e-05
1456,CTCAGC,0.00015936681298757156
1457,CTCATA,7.415868793767084e-05
1458,CTCATC,4.724932672479257e-05
1459,CTCCAA,7.699883417311224e-05
1460,CTCCAC,0.00021319800461254396
1461,CTCCAG,0.0003225017155508375
1462,CTCCCA,0.0003259887122205532
1463,CTCCCC,0.0033145740176575124
1464,CTCCGA,0.00017510666893641222
1465,CTCCGC,0.00030522030393479523
1466,CTCCTA,0.00019723992594221398
1467,CTCCTC,0.0005436228909801368
1468,CTCGAA,9.3064009948683e-05
1469,CTCGAC,9.999429318968238e-05
1470,CTCGAG,6.241208922581807e-05
1471,CTCGCA,6.771116525423879e-05
1472,CTCGCC,0.00013549079803681655
1473,CTCGGA,0.00017780170967774783
1474,CTCGGC,0.0007115473178635415
1475,CTCGTA,1.7644188966817558e-05
1476,CTCGTC,0.0001264210953973095
1477,CTCTAA,0.00010846063061623583
1478,CTCTAC,2.207795073360394e-05
1479,CTCTCA,4.568240356835734e-05
1480,CTCTCC,0.00023540340648691913
1481,CTCTGA,4.682980108361584e-05
1482,CTCTGC,0.00011542883261564805
1483,CTCTTA,0.00012168901440708872
1484,CTCTTC,0.00010049065228725201
1485,CTGAAA,0.0003082263185865803
1486,CTGAAC,5.1880937814790416e-05
1487,CTGAAG,0.00014623724186925123
1488,CTGACA,0.00043938414552350576
1489,CTGACC,0.00016354811639386757
1490,CTGAGA,0.0004190085567981128
1491,CTGAGC,0.00041375164794175566
1492,CTGATA,0.00041746627041851117
1493,CTGATC,0.00020670227234402964
1494,CTGCAA,0.0005188342755563767
1495,CTGCAC,0.0004814956272914808
1496,CTGCAG,0.003841141025310312
1497,CTGCCA,6.134929454821408e-05
1498,CTGCCC,0.00016963478955015358
1499,CTGCGA,8.68719864932002e-05
1500,CTGCGC,0.0001294495788919492
1501,CTGCTA,0.0001531377490165056
1502,CTGCTC,0.0002898583054004588
1503,CTGGAA,0.0001243413241737708
1504,CTGGAC,0.00013215131568733318
1505,CTGGCA,0.0003047163113938987
1506,CTGGCC,0.002890692069481961
1507,CTGGGA,0.00016089267923071872
1508,CTGGGC,0.00019992007872392915
1509,CTGGTA,7.023179647340735e-05
1510,CTGGTC,6.160144987465727e-05
1511,CTGTAA,6.962252403052552e-05
1512,CTGTAC,0.00022914697944424539
1513,CTGTCA,0.0003790330011662079
1514,CTGTCC,3.840273857346641e-05
1515,CTGTGA,4.718067153791603e-05
1516,CTGTGC,7.467659343587444e-05
1517,CTGTTA,2.39460201276643e-05
1518,CTGTTC,0.0001699333002328315
1519,CTTAAA,0.004325662602283094
1520,CTTAAC,0.00043911931273016096
1521,CTTAAG,0.00022290414972660677
1522,CTTACA,0.00012692715952637484
1523,CTTACC,9.96719373773645e-06
1524,CTTAGA,0.0001383880210830182
1525,CTTAGC,0.00010429734159025179
1526,CTTATA,0.00037124747497011993
1527,CTTATC,0.0010615959083129867
1528,CTTCAA,0.0005171670480250626
1529,CTTCAC,0.00020249449085293293
1530,CTTCCA,0.00018899527138705046
1531,CTTCCC,0.00013155842757286217
1532,CTTCGA,1.747234691728742e-05
1533,CTTCGC,4.861675660319538e-05
1534,CTTCTA,0.00018625151501825167
1535,CTTCTC,7.539356978813021e-05
1536,CTTGAA,0.00012864796647380972
1537,CTTGAC,0.0002369539970965029
1538,CTTGCA,0.00043745539061228205
1539,CTTGCC,0.00011037509326387933
1540,CTTGGA,7.941263472239734e-05
1541,CTTGGC,8.134558951501371e-05
1542,CTTGTA,6.67625818650638e-05
1543,CTTGTC,7.528376808690874e-05
1544,CTTTAA,0.0006490767632951115
1545,CTTTAC,4.566645648837275e-05
1546,CTTTCA,7.547356325114187e-05
1547,CTTTCC,9.035697619560075e-05
1548,CTTTGA,9.695209198747988e-05
1549,CTTTGC,0.0001445833658026642
1550,CTTTTA,0.001190154925737226
1551,CTTTTC,3.562897895489625e-05
1552,GAAAAA,0.0002125142223128736
1553,GAAAAC,0.00012211648613611893
1554,GAAACA,0.00031098238019488687
1555,GAAACC,5.100117474985605e-05
1556,GAAAGA,0.00010095026540793322
1557,GAAAGC,6.675538941202534e-05
1558,GAAATA,5.6132515598408055e-05
1559,GAAATC,0.0004647607197611141
1560,GAACAA,2.0706666925465986e-05
1561,GAACAC,8.909330087323069e-05
1562,GAACCA,6.402334903674522e-05
1563,GAACCC,2.4286260054865043e-05
1564,GAACGA,9.749729616008873e-05
1565,GAACGC,1.1166045876074997e-05
1566,GAACTA,9.037324558812465e-05
1567,GAACTC,4.928791852506414e-05
1568,GAAGAA,0.00021027854424999053
1569,GAAGAC,7.522331760978525e-05
1570,GAAGCA,0.0001278502187161669
1571,GAAGCC,6.954737405218646e-05
1572,GAAGGA,0.00029305422414747424
1573,GAAGGC,0.00010683790431290991
1574,GAAGTA,8.711914480155012e-05
1575,GAAGTC,7.219287097704618e-05
1576,GAATAA,0.00018033105074203814
1577,GAATAC,0.0001156226189378314
1578,GAATCA,0.00033673010203085743
1579,GAATCC,0.00014382077459909698
1580,GAATGA,0.00014832198340285544
1581,GAATGC,1.817064294331962e-05
1582,GAATTA,0.00013413924375272712
1583,GAATTC,0.00023529947750486414
1584,GACAAA,0.0001914163643293717
1585,GACAAC,0.00033790095036710785
1586,GACACA,8.311845039941751e-05
1587,GACACC,0.00016251389576397656
1588,GACAGA,0.000648933655189769
1589,GACAGC,0.00010899182877687229
1590,GACATA,2.921864430728551e-05
1591,GACATC,7.826034471927244e-05
1592,GACCAA,0.0011195440366602073
1593,GACCAC,5.248263766410356e-05
1594,GACCCA,0.000128158940764674
1595,GACCCC,4.844887197253385e-05
1596,GACCGA,0.00024167186703578675
1597,GACCGC,7.429097607121118e-05
1598,GACCTA,2.433395760518381e-05
1599,GACCTC,6.51819040912492e-05
1600,GACGAA,0.0007357744492285532
1601,GACGAC,0.0002518093465938491
1602,GACGCA,5.833538504542549e-05
1603,GACGCC,0.00027355502876980623
1604,GACGGA,2.660483157032421e-05
1605,GACGGC,0.00023300534533601727
1606,GACGTA,2.101286903526459e-05
1607,GACGTC,7.026351288623063e-05
1608,GACTAA,0.00019445776286745913
1609,GACTAC,5.357714729985594e-05
1610,GACTCA,7.975642763677046e-05
1611,GACTCC,0.0023985761891459115
1612,GACTGA,0.00011087065846414587
1613,GACTGC,0.00012341526124354785
1614,GACTTA,0.00010256723691802926
1615,GAGAAA,0.00025702527412969087
1616,GAGAAC,6.369484253296671e-05
1617,GAGACA,8.968924281410334e-05
1618,GAGACC,4.169383337931562e-05
1619,GAGAGA,5.965511029491621e-05
1620,GAGAGC,0.0001037020769716364
1621,GAGATA,1.3255212446993677e-05
1622,GAGATC,0.0007500331872490964
1623,GAGCAA,0.0005322459776119525
1624,GAGCAC,0.00012087431512623162
1625,GAGCCA,0.00010884300487439046
1626,GAGCCC,7.21743019624261e-05
1627,GAGCGA,4.472090656654054e-05
1628,GAGCGC,3.114919113358947e-05
1629,GAGCTA,0.00015919317991386657
1630,GAGCTC,0.003682761899738837
1631,GAGGAA,5.1842539588386596e-05
1632,GAGGAC,3.256673794572648e-05
1633,GAGGCA,0.0001730203315258558
1634,GAGGCC,0.00044110637500085185
1635,GAGGGA,8.214045261594843e-05
1636,GAGGGC,4.4254279604961654e-05
1637,GAGGTA,4.752101913745317e-05
1638,GAGTAA,0.00017203777240363708
1639,GAGTAC,6.945619181862874e-05
1640,GAGTCA,9.875460348981367e-05
1641,GAGTCC,0.00018724288023738424
1642,GAGTGA,0.000125702774788558
1643,GAGTGC,1.899317094783249e-05
1644,GAGTTA,4.6836967072978924e-05
1645,GATAAA,0.00044182435994906416
1646,GATAAC,0.001128285087739696
1647,GATACA,0.0001874208103470917
1648,GATACC,0.00018362913276193565
1649,GATAGA,0.0004903167359569232
1650,GATAGC,0.000596501505005106
1651,GATATA,5.119399080217869e-05
1652,GATATC,0.00018032929981913484
1653,GATCAA,0.0003214872505427492
1654,GATCAC,0.00020574427549409978
1655,GATCCA,0.00010331989509240492
1656,GATCCC,4.0647456306142386e-05
1657,GATCGA,0.0003231735030973021
1658,GATCGC,3.7655280333638835e-05
1659,GATCTA,6.303222311632206e-05
1660,GATGAA,0.0002223216269252257
1661,GATGAC,0.00026471561791155217
1662,GATGCA,0.00021712822556565692
1663,GATGCC,2.7002143347766105e-05
1664,GATGGA,4.0352583700149815e-05
1665,GATGGC,0.00011478190669319592
1666,GATGTA,6.726588368052291e-05
1667,GATTAA,9.585125153670969e-05
1668,GATTAC,6.301188722996411e-05
1669,GATTCA,0.0002642001898725142
1670,GATTCC,0.00021058496408316734
1671,GATTGA,0.01440959892072103
1672,GATTGC,0.00015570519516205775
1673,GATTTA,6.303930399038921e-05
1674,GCAAAA,0.005161165564648223
1675,GCAAAC,0.00025146161381236153
1676,GCAACA,0.00020814370066057471
1677,GCAACC,0.000119115853032517
1678,GCAAGA,0.0001509113623789054
1679,GCAAGC,0.00022390319574406306
1680,GCAATA,0.00013714323597917134
1681,GCACAA,7.672300107926835e-05
1682,GCACAC,1.7305761804240094e-05
1683,GCACCA,4.2136002712216496e-05
1684,GCACCC,0.00011874396960256943
1685,GCACGA,0.00011186609425509024
1686,GCACGC,0.006667835761212518
1687,GCACTA,6.580775270274895e-05
1688,GCAGAA,5.623195740521797e-05
1689,GCAGAC,4.838941265484908e-05
1690,GCAGCA,0.00037173079560583915
1691,GCAGCC,0.0001447029609751597
1692,GCAGGA,0.00012870310562107306
1693,GCAGGC,0.0005301406165198599
1694,GCAGTA,9.704411795556936e-06
1695,GCATAA,0.0001458146475645524
1696,GCATAC,6.132471158904722e-05
1697,GCATCA,4.0510448260385716e-05
1698,GCATCC,8.987643693615976e-05
1699,GCATGA,7.494247611322326e-05
1700,GCATGC,0.00015850181253439694
1701,GCATTA,0.0005539928961911183
1702,GCCAAA,0.00043420740754821836
1703,GCCAAC,0.0009981110343535307
1704,GCCACA,2.5549509619197833e-05
1705,GCCACC,8.47010950040107e-05
1706,GCCAGA,0.0002451276336409972
1707,GCCAGC,0.0012387740280864592
1708,GCCATA,0.00020992196093608674
1709,GCCCAA,0.0001928111908103035
1710,GCCCAC,0.00024124349530117522
1711,GCCCCA,1.0903782826882263e-05
1712,GCCCCC,2.649925280891435e-05
1713,GCCCGA,4.19361356128207e-05
1714,GCCCGC,6.578531468370594e-05
1715,GCCCTA,5.616392901991465e-05
1716,GCCGAA,0.00019023246799882747
1717,GCCGAC,0.0002602811132639842
1718,GCCGCA,1.8430973087649546e-05
1719,GCCGCC,0.0015100101597124754
1720,GCCGGA,0.0006303415523631951
1721,GCCGGC,0.007675054484342424
1722,GCCGTA,0.00011331945873598228
1723,GCCTAA,0.0001121152669636522
1724,GCCTAC,2.9050666293929726e-05
1725,GCCTCA,0.0001491197544831174
1726,GCCTCC,0.0003846672624461129
1727,GCCTGA,0.0002785706240192859
1728,GCCTTA,5.6550248822804983e-05
1729,GCGAAA,0.0001602405885721586
1730,GCGAAC,5.8758786983612164e-05
1731,GCGACA,0.00023053288201057683
1732,GCGACC,2.7229097625080837e-05
1733,GCGAGA,2.261614929628631e-05
1734,GCGAGC,0.00015553068726962982
1735,GCGATA,0.0004319372006889184
1736,GCGCAA,4.538601439056292e-05
1737,GCGCAC,4.812884467428479e-05
1738,GCGCCA,0.00013355897361677939
1739,GCGCCC,7.700437595432832e-05
1740,GCGCGA,0.00032644026819008987
1741,GCGCGC,8.96618220045128e-05
1742,GCGCTA,4.6952079718168075e-05
1743,GCGGAA,0.0005477454676721204
1744,GCGGAC,0.00029337904014804605
1745,GCGGCA,0.00019842811366170942
1746,GCGGCC,0.00022638615581756973
1747,GCGGGA,0.00036428485108548023
1748,GCGGTA,0.00014463244071291078
1749,GCGTAA,7.850204504374653e-05
1750,GCGTAC,7.564875443583988e-05
1751,GCGTCA,0.00021913909185066648
1752,GCGTCC,0.00016198499237035007
1753,GCGTGA,6.304709093880226e-05
1754,GCGTTA,0.00017496711818172726
1755,GCTAAA,0.0002956366603237559
1756,GCTAAC,0.0001532834480680868
1757,GCTACA,8.578465014861498e-05
1758,GCTACC,5.3790537427682765e-05
1759,GCTAGA,0.00021134529937389727
1760,GCTAGC,5.3654397840892274e-05
1761,GCTATA,0.00018886475081713984
1762,GCTCAA,0.00022415430419565384
1763,GCTCAC,0.00031231040861401675
1764,GCTCCA,0.00021709253081047479
1765,GCTCCC,7.887878657343284e-05
1766,GCTCGA,0.00019080038900850784
1767,GCTCTA,3.7722171163993717e-06
1768,GCTGAA,7.921327954467634e-05
1769,GCTGAC,0.000195908928472979
1770,GCTGCA,0.0008826514926742781
1771,GCTGCC,0.00022339054606794364
1772,GCTGGA,0.00023711849450075938
1773,GCTGTA,0.0006075185350153063
1774,GCTTAA,0.0008605636435965821
1775,GCTTAC,5.8907083574905294e-05
1776,GCTTCA,0.00012716673625392445
1777,GCTTCC,0.00014583056979115556
1778,GCTTGA,0.00022357201440884725
1779,GCTTTA,0.0017054466162299653
1780,GGAAAA,0.0004785513116440535
1781,GGAAAC,0.00010807299690299572
1782,GGAACA,0.00011761032816619403
1783,GGAACC,0.0001003452766659045
1784,GGAAGA,0.00011834544356883783
1785,GGAATA,0.0002707835847427671
1786,GGACAA,7.281514152555806e-05
1787,GGACAC,2.6908123263437354e-05
1788,GGACCA,9.201117607186845e-05
1789,GGACCC,3.080916385520579e-05
1790,GGACGA,0.00010056211552143837
1791,GGACTA,4.616003549402704e-05
1792,GGAGAA,6.343385177354218e-05
1793,GGAGAC,0.0002239321245355751
1794,GGAGCA,6.737964892514727e-05
1795,GGAGCC,4.563414259495977e-05
1796,GGAGGA,0.0003399128149178587
1797,GGAGTA,0.00032648227828766007
1798,GGATAA,0.00014936617198818574
1799,GGATAC,9.537875311952308e-06
1800,GGATCA,0.0002228184693915394
1801,GGATCC,7.085127750583837e-05
1802,GGATGA,3.762225867098361e-05
1803,GGATTA,8.689370160126062e-05
1804,GGCAAA,0.0007145821257330568
1805,GGCAAC,9.750137562243244e-05
1806,GGCACA,2.4697573569824578e-05
1807,GGCACC,2.645608644183148e-05
1808,GGCAGA,4.287365364509906e-05
1809,GGCATA,7.975102013028072e-05
1810,GGCCAA,0.00010007996406605449
1811,GGCCAC,0.000574544497959357
1812,GGCCCA,1.3075040694135937e-05
1813,GGCCCC,0.00015040616482947804
1814,GGCCGA,0.0002710487055175963
1815,GGCCTA,0.00010963132874786558
1816,GGCGAA,0.00023747430209111143
1817,GGCGAC,2.8875518425006314e-05
1818,GGCGCA,5.617138228284173e-05
1819,GGCGCC,0.0028032107493902864
1820,GGCGGA,0.0003813921721557737
1821,GGCGTA,0.00017521328981703673
1822,GGCTAA,4.4886882013057226e-05
1823,GGCTAC,7.44104430547719e-05
1824,GGCTCA,6.954758962631415e-05
1825,GGCTGA,0.00010421876642102317
1826,GGCTTA,0.00042375072829557096
1827,GGGAAA,0.00013852535628658522
1828,GGGAAC,3.721289728978313e-05
1829,GGGACA,2.106621830050795e-05
1830,GGGACC,4.024914812084751e-05
1831,GGGAGA,0.00024986168020270507
1832,GGGATA,5.960748728035694e-05
1833,GGGCAA,7.788367496936405e-05
1834,GGGCAC,5.271371846678315e-05
1835,GGGCCA,3.6965069569716384e-05
1836,GGGCCC,2.2284803193748723e-05
1837,GGGCGA,7.065053789878431e-05
1838,GGGCTA,6.332323092319164e-06
1839,GGGGAA,0.0001685054503341117
1840,GGGGAC,0.00011624842308393089
1841,GGGGCA,0.00014532398489344904
1842,GGGGGA,1.0745211748015767e-06
1843,GGGGTA,7.131781937497367e-05
1844,GGGTAA,0.0006682091929882677
1845,GGGTAC,1.7771070399753948e-05
1846,GGGTCA,8.210962390704314e-05
1847,GGGTGA,5.044292233195507e-05
1848,GGGTTA,3.1717178328893056e-05
1849,GGTAAA,0.00016964852408226549
1850,GGTAAC,5.059733021869129e-05
1851,GGTACA,6.109699684261898e-06
1852,GGTACC,5.314644969996698e-06
1853,GGTAGA,3.277186086518834e-05
1854,GGTATA,9.543793436640193e-05
1855,GGTCAA,0.000157953386858169
1856,GGTCAC,0.0002890008206524883
1857,GGTCCA,9.806366890267407e-05
1858,GGTCGA,0.00011395259411697745
1859,GGTCTA,6.671764478359809e-05
1860,GGTGAA,5.9626341049425884e-05
1861,GGTGAC,5.188713184230639e-05
1862,GGTGCA,0.00022186283038476353
1863,GGTGGA,0.0002016424521171814
1864,GGTGTA,7.996063260380534e-05
1865,GGTTAA,4.6844744375372045e-05
1866,GGTTAC,5.478628911829635e-05
1867,GGTTCA,6.76672926494726e-05
1868,GGTTGA,0.00012430388774499208
1869,GGTTTA,0.0004110138866975717
1870,GTAAAA,0.00023415644302656727
1871,GTAAAC,0.00017360454924785583
1872,GTAACA,0.0005704361334840807
1873,GTAAGA,5.55080473698767e-05
1874,GTAATA,5.517065149333656e-05
1875,GTACAA,5.706763509076846e-05
1876,GTACAC,0.00011271816995372003
1877,GTACCA,7.444120290992974e-05
1878,GTACGA,0.00011405158925237874
1879,GTACTA,6.744438336448154e-05
1880,GTAGAA,3.201870275894947e-05
1881,GTAGAC,1.5116463006042945e-05
1882,GTAGCA,6.757558726796652e-05
1883,GTAGGA,7.508940533540634e-05
1884,GTAGTA,2.0927118665470162e-05
1885,GTATAA,0.00010802995387101458
1886,GTATAC,2.1908664339875982e-05
1887,GTATCA,0.0013175698152849199
1888,GTATGA,0.0001058774701161673
1889,GTATTA,0.00028004931541761134
1890,GTCAAA,0.0007916436905740747
1891,GTCAAC,0.00037711362260278036
1892,GTCACA,7.933610895721326e-05
1893,GTCAGA,0.0002173551777661661
1894,GTCATA,0.00017388516330566175
1895,GTCCAA,0.0001396125578946735
1896,GTCCAC,0.00018461769391469614
1897,GTCCCA,3.822010114153719e-05
1898,GTCCGA,0.0001695352513128327
1899,GTCCTA,1.5625753808332347e-05
1900,GTCGAA,1.5186384975551891e-05
1901,GTCGAC,4.180041928153244e-05
1902,GTCGCA,0.0003577741469274194
1903,GTCGGA,0.00013197698413809422
1904,GTCGTA,0.00013291778945285468
1905,GTCTAA,0.00011492512007672873
1906,GTCTCA,0.0002160088268131411
1907,GTCTGA,0.00019814049545912197
1908,GTCTTA,0.00013784718628852527
1909,GTGAAA,8.634601981320155e-05
1910,GTGAAC,6.0339736821564685e-05
1911,GTGACA,0.0005241187766950873
1912,GTGAGA,1.0257231731627351e-05
1913,GTGATA,0.000522081197200865
1914,GTGCAA,0.00022739400912126306
1915,GTGCAC,9.954326488961285e-05
1916,GTGCCA,0.0001406936152113273
1917,GTGCGA,3.7906719134976414e-05
1918,GTGCTA,6.626802761337332e-05
1919,GTGGAA,0.00021063836461319833
1920,GTGGCA,6.885643287935989e-05
1921,GTGGGA,0.000906872164138538
1922,GTGGTA,2.4680096965360926e-05
1923,GTGTAA,1.3445055416466952e-05
1924,GTGTCA,0.0006942973944159052
1925,GTGTGA,4.3881880089592284e-05
1926,GTGTTA,0.00016553342618813124
1927,GTTAAA,6.289469305960309e-05
1928,GTTAAC,6.991173931340512e-05
1929,GTTACA,8.35419932244925e-05
1930,GTTAGA,0.00030926129809438313
1931,GTTATA,0.00012607354337268938
1932,GTTCAA,0.00012516838942992976
1933,GTTCCA,4.677992420646413e-05
1934,GTTCGA,6.987754070590981e-05
1935,GTTCTA,4.002159522938796e-05
1936,GTTGAA,0.0007428999000480618
1937,GTTGCA,0.0002949493966634975
1938,GTTGGA,0.00026783749146803043
1939,GTTGTA,6.361069649119754e-05
1940,GTTTAA,0.00016894023874173912
1941,GTTTCA,0.0005342585066632212
1942,GTTTGA,0.0026358766908339106
1943,GTTTTA,0.0001368664533258565
1944,TAAAAA,0.01880574787341954
1945,TAAACA,9.73508750099462e-05
1946,TAAAGA,0.0003573684469750988
1947,TAAATA,0.0006235040806155855
1948,TAACAA,0.00032483283951539627
1949,TAACCA,4.31661773150798e-05
1950,TAACGA,0.0006227018201421796
1951,TAACTA,7.55881892465599e-05
1952,TAAGAA,0.00011448942936739748
1953,TAAGCA,0.00027367606490121855
1954,TAAGGA,3.6735309107516824e-05
1955,TAAGTA,0.00019507798428388754
1956,TAATAA,0.00022110526779840333
1957,TAATCA,0.00036559830956025803
1958,TAATGA,0.00030985737294646746
1959,TAATTA,9.152564730800436e-05
1960,TACAAA,0.00015590828044866924
1961,TACACA,9.509563032644278e-05
1962,TACAGA,1.100911119408034e-05
1963,TACATA,0.0006340323213150778
1964,TACCAA,0.0013216673590460107
1965,TACCCA,0.00031629200460061153
1966,TACCGA,7.344737366345663e-05
1967,TACCTA,0.00010004315009128439
1968,TACGAA,0.00020439633516970362
1969,TACGCA,6.75668109222229e-05
1970,TACGGA,7.248201680549301e-05
1971,TACGTA,6.881625041365497e-06
1972,TACTAA,4.5634276216107526e-05
1973,TACTCA,9.778406169182921e-05
1974,TACTGA,0.00036724183114801974
1975,TAGAAA,9.776057434747999e-05
1976,TAGACA,6.96172725944714e-05
1977,TAGAGA,6.540509156207444e-05
1978,TAGATA,0.00011681575531302716
1979,TAGCAA,0.0001315622137292799
1980,TAGCCA,0.000201452710008099
1981,TAGCGA,0.00013876004868596266
1982,TAGCTA,1.727512350806349e-05
1983,TAGGAA,0.00040264682208010293
1984,TAGGCA,4.792074360371418e-05
1985,TAGGGA,4.413770395774691e-05
1986,TAGTAA,4.03665378896001e-05
1987,TAGTCA,0.0006670837478481502
1988,TAGTGA,7.847581672744675e-05
1989,TATAAA,0.006326733861254713
1990,TATACA,0.00012074279166233333
1991,TATAGA,0.0013210468778508502
1992,TATATA,0.0002570465988235954
1993,TATCAA,0.034797083146688196
1994,TATCCA,7.584389005471423e-05
1995,TATCGA,0.0002291145245150625
1996,TATGAA,7.539027326487567e-05
1997,TATGCA,0.00041100935134718024
1998,TATGGA,8.29929961481513e-05
1999,TATTAA,0.00017226951837201107
2000,TATTCA,9.077119862113433e-05
2001,TATTGA,0.0003577936733813237
2002,TCAAAA,0.00015064787856779649
2003,TCAACA,0.0005887642304232539
2004,TCAAGA,0.00011356637771918006
2005,TCACAA,0.0001871157059541826
2006,TCACCA,0.00019661423606245356
2007,TCACGA,0.00014440889124935744
2008,TCAGAA,0.00015633937282656166
2009,TCAGCA,0.00018780466538742774
2010,TCAGGA,1.4768839353263065e-05
2011,TCATAA,8.68885019687545e-05
2012,TCATCA,0.00046244010141411484
2013,TCATGA,6.574399772524724e-05
2014,TCCAAA,4.6500087284604144e-05
2015,TCCACA,0.00030892006945891336
2016,TCCAGA,0.00014776070987416025
2017,TCCCAA,5.4881933546234964e-05
2018,TCCCCA,7.836937485761928e-05
2019,TCCCGA,0.00019702822955129602
2020,TCCGAA,0.00010636679320109886
2021,TCCGCA,0.00013888160012359097
2022,TCCGGA,0.00030305050434701507
2023,TCCTAA,0.00014449534161520993
2024,TCCTCA,0.0003008366246259967
2025,TCGAAA,0.000964384944268948
2026,TCGACA,9.16535802213159e-05
2027,TCGAGA,1.144096818204027e-06
2028,TCGCAA,0.00017168897652633145
2029,TCGCCA,0.00015065710186435276
2030,TCGCGA,5.773707537090385e-05
2031,TCGGAA,0.0001504436033267133
2032,TCGGCA,0.00016855307410389974
2033,TCGTAA,0.001590156027583603
2034,TCGTCA,0.002966992505473589
2035,TCTAAA,0.00028382214079049014
2036,TCTACA,9.130188374090974e-05
2037,TCTAGA,5.187163336280568e-05
2038,TCTCAA,0.00018186603666327602
2039,TCTCCA,8.180102011585696e-05
2040,TCTGAA,3.695641236369368e-05
2041,TCTGCA,0.00016720520441689497
2042,TCTTAA,8.17104207328316e-05
2043,TCTTCA,0.00021173310377502758
2044,TGAAAA,0.00015025425463141359
2045,TGAACA,5.9135747957213596e-05
2046,TGACAA,0.023365802729437696
2047,TGACCA,0.0007601017201970112
2048,TGAGAA,7.921472907471938e-05
2049,TGAGCA,0.00027061591345875995
2050,TGATAA,0.010348531509751048
2051,TGATCA,7.712979727022113e-05
2052,TGCAAA,0.002752646138064658
2053,TGCACA,0.00023107460957779772
2054,TGCCAA,0.0006553204203664748
2055,TGCCCA,0.00023963658945204045
2056,TGCGAA,6.786562853379897e-05
2057,TGCGCA,1.0892193743306564e-05
2058,TGCTAA,0.00010522747539029333
2059,TGGAAA,0.00013444510853091493
2060,TGGACA,8.84979659061901e-05
2061,TGGCAA,0.00047532768496158555
2062,TGGCCA,9.859586694296093e-05
2063,TGGGAA,5.7778313177561536e-05
2064,TGGTAA,0.0002197275678975269
2065,TGTAAA,0.00011695723346438485
2066,TGTACA,3.295143135812952e-05
2067,TGTCAA,0.01637306271659486
2068,TGTGAA,4.27656385414194e-05
2069,TGTTAA,0.0015183097807186328
2070,TTAAAA,0.014276247344344352
2071,TTACAA,6.39663262443099e-05
2072,TTAGAA,0.00048141771372690596
2073,TTATAA,0.00014745371015852343
2074,TTCAAA,0.0007767767304053545
2075,TTCCAA,7.778299811300756e-05
2076,TTCGAA,0.00014868871290496928
2077,TTGAAA,0.001811413123036015
2078,TTGCAA,7.465723068107702e-05
2079,TTTAAA,0.03685481669082884
2080,IGNORE,3.647822575014037e-05
